Navn;F›dt;Kommentar
Per;1880;Jeg var f›rst!
P†l;1881;Jeg er nest eldst.
Espen;1882;Jeg f†r prinsessa.
Ny;120;Test
Ny;120;Test
Ny;120;Test
Ny;120;Test
Daily;120;Test
Daily;120;Test
Anders;1990;Hei!
Daily;120;Test
Daily;120;Test
Nytest;2000;Folk ser på!
Nytest;2000;Folk ser på!
Nytest;2000;Folk ser på!
Nytest;2000;Folk ser på!
Nytest;2000;Folk ser på!
Nytest;2000;Folk ser på!
Nytest;2000;Folk ser på!
Nytest;2000;Folk ser på!
Nytest;2000;Folk ser på!
Nytest;2000;Folk ser på!
Nytest;2000;Folk ser på!
Nytest;2000;Folk ser på!
Nytest;2000;Folk ser på!
Nytest;2000;Folk ser på!
Nytest;2000;Folk ser på!
Nytest;2000;Folk ser på!
Nytest;2000;Folk ser på!
Nytest;2000;Folk ser på!
Nytest;2000;Folk ser på!
Nytest;2000;Folk ser på!
Nytest;2000;Folk ser på!
Nytest;2000;Folk ser på!
Nytest;2000;Folk ser på!
Nytest;2000;Folk ser på!
Nytest;2000;Folk ser på!
Nytest;2000;Folk ser på!
Nytest;2000;Folk ser på!
Nytest;2000;Folk ser på!
Nytest;2000;Folk ser på!
Nytest;2000;Folk ser på!
Nytest;2000;Folk ser på!
Nytest;2000;Folk ser på!
Nytest;2000;Folk ser på!
Nytest;2000;Folk ser på!
Nytest;2000;Folk ser på!
Nytest;2000;Folk ser på!
Nytest;2000;Folk ser på!
Nytest;2000;Folk ser på!
Nytest;2000;Folk ser på!
Nytest;2000;Folk ser på!
Nytest;2000;Folk ser på!
Nytest;2000;Folk ser på!
Nytest;2000;Folk ser på!
Nytest;2000;Folk ser på!
Nytest;2000;Folk ser på!
Nytest;2000;Folk ser på!
Nytest;2000;Folk ser på!
Nytest;2000;Folk ser på!
Nytest;2000;Folk ser på!
Nytest;2000;Folk ser på!
Nytest;2000;Folk ser på!
Nytest;2000;Folk ser på!
Nytest;2000;Folk ser på!
Nytest;2000;Folk ser på!
Nytest;2000;Folk ser på!
Nytest;2000;Folk ser på!
Nytest;2000;Folk ser på!
Nytest;2000;Folk ser på!
Nytest;2000;Folk ser på!
Nytest;2000;Folk ser på!
